run_id,data_source,trade_id,ticker_a,ticker_b,basket,direction,entry_time,exit_time,entry_z,exit_z,entry_spread,exit_spread,bars_held,pnl_z,ml_proba_at_exit,label,feat_entry_z,feat_abs_entry_z,feat_pnl_proxy,feat_bars_held,feat_confidence,feat_velocity,feat_exit_z,feat_favorable,feat_best_fav,feat_vol,exit_features_json,notional,pnl_dollars,cost_dollars,feat_half_life,broker,qty_a,qty_b,alpaca_order_ids,status
20260925T184550Z,alpaca_live,5,AMZN,META,hyperscaler,LONG_SPREAD,2026-09-21 04:00:00,,-2.4643283526149884,,-24.45398411321071,,0,0.0,,,,,,,,,,,,,,0.0,0.0,0.0,,alpaca_paper,14.0,2.0,[],OPEN
20260925T194600Z,alpaca_live,4,GOOGL,META,mag7,LONG_SPREAD,2026-09-21 04:00:00,2026-09-25 04:00:00,-3.041680259582592,1.4946784771330963,-34.43849057596202,12.747580540101978,5,4.536358736715688,0.9294023292975858,1.0,,3.041680259582592,4.536358736715688,5.0,0.4377127038819127,0.4552986897276128,1.4946784771330963,,,13.543649605432469,"[13.543649605432469, 4.536358736715688, 3.041680259582592, 0.4377127038819127, 1.4946784771330963, 0.4552986897276128, 5.0, 2.0]",0.0,0.0,0.0,2.0,alpaca_paper,11.0,5.0,"[""97f2de88-f225-4295-a747-7cf41e3a82f6"", ""f0086f4e-99c8-43e3-af29-b94aa12debce""]",CLOSED
20260928T123056Z,alpaca_live,2,MU,WDC,memory,SHORT_SPREAD,2026-09-21 04:00:00,2026-09-25 04:00:00,0.1933378418340677,-0.6422776882125271,12.638793650251955,-12.966099967653918,5,0.8356155300465948,0.9864397354020044,1.0,,0.1933378418340677,0.8356155300465948,5.0,0.4110042215349441,-2.2180157603614363,-0.6422776882125271,,,27.781900689795183,"[27.781900689795183, 0.8356155300465948, 0.19333784183406777, 0.4110042215349441, -0.6422776882125271, -2.2180157603614363, 5.0, 2.0]",0.0,0.0,0.0,2.0,alpaca_paper,3.0,8.0,"[""a9d7e735-bc39-4faa-b626-cb8929597914"", ""779236cc-df77-4e9d-aec7-cc71e0039fa7""]",CLOSED
20260928T131551Z,alpaca_live,1,NVDA,AMD,semis,LONG_SPREAD,2026-09-21 04:00:00,2026-09-25 04:00:00,-1.740324074931288,0.0909444682914469,-16.888945683415614,-0.0628852869239153,5,1.831268543222735,0.9821497087370672,1.0,,1.740324074931288,1.831268543222735,5.0,0.5419238239584734,0.6529115540572092,0.0909444682914469,,,6.185777198924787,"[6.185777198924787, 1.831268543222735, 1.740324074931288, 0.5419238239584734, 0.09094446829144698, 0.6529115540572092, 5.0, 2.0]",0.0,0.0,0.0,2.0,alpaca_paper,17.0,6.0,"[""86ea7d75-e0d5-451a-a2fc-ca5a751a8401"", ""32db7937-1aa2-429e-b0b3-f19bcacdf91f""]",CLOSED
20260928T133103Z,alpaca_live,3,MSFT,ORCL,hyperscaler,SHORT_SPREAD,2026-09-21 04:00:00,2026-09-25 04:00:00,0.345030709641098,1.6925598154318728,5.286681890475506,27.33399433234393,5,-1.3475291057907748,0.9964432676034536,0.0,,0.345030709641098,-1.3475291057907748,5.0,0.4534157771714934,4.416605215501545,1.6925598154318728,,,17.81311904225994,"[17.81311904225994, -1.3475291057907748, 0.34503070964109805, 0.4534157771714934, 1.6925598154318728, 4.416605215501545, 5.0, 2.0]",0.0,-0.0,0.0,2.0,alpaca_paper,7.0,29.0,"[""f28fce4d-5931-460d-a5e1-eef7997b3087"", ""c8475fe0-14a8-4560-bea9-e85f63a5ea3f""]",CLOSED
20260928T140106Z,alpaca_live,2,MU,WDC,memory,SHORT_SPREAD,2026-09-22 04:00:00,2026-09-28 04:00:00,0.2338879964326666,-0.0554581409302211,13.893456607675034,8.304334840235924,5,0.2893461373628878,0.9912113588784596,0.0,,0.2338879964326666,0.2893461373628878,5.0,0.4113831280393069,-0.8668917604200033,-0.0554581409302211,,,27.759050955988965,"[27.759050955988965, 0.2893461373628878, 0.23388799643266667, 0.41138312803930693, -0.05545814093022111, -0.8668917604200033, 5.0, 2.0]",0.0,0.0,0.0,2.0,alpaca_paper,3.0,5.0,"[""ff5fd6db-04bb-4a3f-9514-64e3aac605f8"", ""9a084aec-c4aa-4539-a457-059761a8609a""]",CLOSED
20260928T143102Z,alpaca_live,5,AMD,MU,semis_memory,LONG_SPREAD,2026-09-22 04:00:00,2026-09-28 04:00:00,-1.3519102246445935,-0.2091890265427906,-22.212321611987026,-3.175142260298344,5,1.1427211981018028,0.9768035952612498,1.0,,1.3519102246445935,1.1427211981018028,5.0,0.4597236755586146,-8.721179889430232,-0.2091890265427906,,,15.188645090076824,"[15.188645090076824, 1.1427211981018028, 1.3519102246445935, 0.4597236755586146, -0.20918902654279067, -8.721179889430232, 5.0, 2.0]",0.0,0.0,0.0,2.0,alpaca_paper,5.0,3.0,"[""9bd033e7-3c9c-4ed4-b2e3-a452dd074ee3"", ""3f08d9bc-8e7d-462c-8554-f16ea28a0d3f""]",CLOSED
20260928T153052Z,alpaca_live,4,GOOGL,META,mag7,SHORT_SPREAD,2026-09-22 04:00:00,2026-09-28 04:00:00,-0.0074147377572083,1.3250119760429406,-1.5021942917990143,10.996051630870395,5,-1.332426713800149,0.9963339965066934,0.0,,0.0074147377572083,-1.332426713800149,5.0,0.4281199065936333,9.08690844147876,1.3250119760429406,,,14.162705946553013,"[14.162705946553011, -1.332426713800149, 0.007414737757208368, 0.4281199065936333, 1.3250119760429406, 9.08690844147876, 5.0, 2.0]",0.0,-0.0,0.0,2.0,alpaca_paper,11.0,5.0,"[""ee87bb59-bcd7-4bf5-a9d3-fae5385abb3a"", ""160d5fe4-ab5f-48a0-8f55-1bafcde88c4e""]",CLOSED
20260928T163100Z,alpaca_live,4,AMZN,GOOGL,hyperscaler,LONG_SPREAD,2026-09-22 04:00:00,2026-09-28 04:00:00,-0.1578411243512737,-0.0002288874125966,-0.6899623036892706,-0.3358804685273924,5,0.157612236938677,0.8501573624878388,0.0,,0.1578411243512737,0.157612236938677,5.0,0.5682935517754494,-0.1800599438409506,-0.0002288874125966,,,3.4925737475434704,"[3.4925737475434704, 0.15761223693867707, 0.1578411243512737, 0.5682935517754494, -0.00022888741259662453, -0.18005994384095061, 5.0, 0.13333333333333333]",0.0,0.0,0.0,0.1333333333333333,alpaca_paper,14.0,8.0,"[""25675c05-df1b-4932-b750-77bab2876316"", ""815af434-4bfe-40cc-8449-6aca51d25a76""]",CLOSED
20260928T170103Z,alpaca_live,2,MSFT,ORCL,hyperscaler,SHORT_SPREAD,2026-09-22 04:00:00,2026-09-28 04:00:00,-0.3574252828520122,0.5470935328281359,-5.4946860868276985,9.375070131527764,5,-0.904518815680148,0.9945105045157376,0.0,,0.3574252828520122,-0.904518815680148,5.0,0.45548724134192,0.8176776522149908,0.5470935328281359,,,15.743920842119106,"[15.743920842119106, -0.9045188156801481, 0.35742528285201225, 0.45548724134192, 0.5470935328281359, 0.8176776522149908, 5.0, 2.0]",0.0,-0.0,0.0,2.0,alpaca_paper,7.0,29.0,"[""2588ad4a-2218-4b3b-a54a-84aab7eb38b0"", ""c292362a-b360-4633-9475-84f292f13bf3""]",CLOSED
20260928T174555Z,alpaca_live,1,NVDA,AMD,semis,SHORT_SPREAD,2026-09-22 04:00:00,2026-09-28 04:00:00,-0.0971451825426912,1.7165765873144332,-1.5637265988025035,14.034622032042222,5,-1.8137217698571244,0.996536029937928,0.0,,0.0971451825426912,-1.8137217698571244,5.0,0.5056065379369421,6.184713556709232,1.7165765873144332,,,7.818501117462483,"[7.8185011174624846, -1.8137217698571244, 0.09714518254269122, 0.5056065379369421, 1.7165765873144332, 6.184713556709232, 5.0, 2.0]",0.0,-0.0,0.0,2.0,alpaca_paper,17.0,6.0,"[""6652878f-f158-4789-8f3b-a47367503123"", ""1334fdd8-31f2-4cd4-9610-71c2a4f5a8e9""]",CLOSED
20260925T133054Z,alpaca_live,2,AVGO,META,semis_hyperscaler,LONG_SPREAD,2026-09-24 04:00:00,,-1.0931867476642114,,-20.81827595705693,,1,,,,,,,,,,,,,,,0.0,,,,alpaca_paper,11.0,3.0,[],OPEN
20260925T133054Z,alpaca_live,3,AMZN,META,hyperscaler,LONG_SPREAD,2026-09-24 04:00:00,,-1.0180425993541538,,-11.331349376618192,,1,,,,,,,,,,,,,,,0.0,,,,alpaca_paper,2.0,3.0,[],OPEN
20260928T143102Z,alpaca_live,2,MU,WDC,memory,SHORT_SPREAD,2026-09-24 04:00:00,,1.5967413700201707,,60.80059743116021,,0,0.0,,,,,,,,,,,,,,7990.344,0.0,0.0,,alpaca_paper,3.0,8.0,"[""a99e94a2-3e09-466f-91ed-0161a9febea6"", ""4cd37758-9674-4394-8a18-cbaaf0035ad0""]",OPEN
20260928T163100Z,alpaca_live,3,GOOGL,META,mag7,SHORT_SPREAD,2026-09-25 04:00:00,,1.5315536604792876,,13.165539317316927,,0,0.0,,,,,,,,,,,,,,8008.6152,0.0,0.0,,alpaca_paper,11.0,5.0,"[""651a5444-3543-4678-a45d-efe32ede8c43"", ""e9f7fe0f-0c5e-4679-8e26-1c7580419f59""]",OPEN
20260928T173101Z,alpaca_live,2,MSFT,ORCL,hyperscaler,SHORT_SPREAD,2026-09-25 04:00:00,,1.6925598109185698,,27.333994386646964,,0,0.0,,,,,,,,,,,,,,8005.279200000001,0.0,0.0,,alpaca_paper,7.0,29.0,"[""2e5531e4-f1b3-4d0b-925b-305b6b12c3e8"", ""e08cfa79-f39d-49d0-b535-c1116155c784""]",OPEN
